Run,ReleaseDate,LoadDate,spots,bases,spots_with_mates,avgLength,size_MB,AssemblyName,download_path,Experiment,LibraryName,LibraryStrategy,LibrarySelection,LibrarySource,LibraryLayout,InsertSize,InsertDev,Platform,Model,SRAStudy,BioProject,Study_Pubmed_id,ProjectID,Sample,BioSample,SampleType,TaxID,ScientificName,SampleName,g1k_pop_code,source,g1k_analysis_group,Subject_ID,Sex,Disease,Tumor,Affection_Status,Analyte_Type,Histological_Type,Body_Site,CenterName,Submission,dbgap_study_accession,Consent,RunHash,ReadHash
SRR3740282,2017-02-03 10:28:47,2016-07-02 07:16:45,7853040,1586314080,7853040,202,1071,,https://sra-downloadb.st-va.ncbi.nlm.nih.gov/sos2/sra-pub-run-3/SRR3740282/SRR3740282.1,SRX1895434,ISY_Ar_11g,WGS,RANDOM,GENOMIC,PAIRED,0,0,ILLUMINA,Illumina HiSeq 2000,SRP077768,PRJNA327615,,327615,SRS1538436,SAMN05353914,simple,1047171,Zymoseptoria tritici,ISY_Ar_11g,,,,,,,no,,,,,ETH ZURICH,SRA437474,,public,C6BDBF96773334FDAB6631FC12444C9F,F9B56DBCE2429C666D19C5C7E81EAAEC
SRR3740279,2017-02-03 10:28:47,2016-07-02 07:13:40,5040787,1018238974,5040787,202,677,,https://sra-downloadb.st-va.ncbi.nlm.nih.gov/sos2/sra-pub-run-3/SRR3740279/SRR3740279.1,SRX1895431,ISY_Ar_12d,WGS,RANDOM,GENOMIC,PAIRED,0,0,ILLUMINA,Illumina HiSeq 2000,SRP077768,PRJNA327615,,327615,SRS1538433,SAMN05353911,simple,1047171,Zymoseptoria tritici,ISY_Ar_12d,,,,,,,no,,,,,ETH ZURICH,SRA437474,,public,F6FABDD46DD07F1ECAD1D408C811F8DB,0527E71AC1AF0B93B108F7B755FEE368
SRR3740276,2017-02-03 10:28:47,2016-07-02 07:13:28,10644971,2150284142,10644971,202,1376,,https://sra-downloadb.st-va.ncbi.nlm.nih.gov/sos2/sra-pub-run-3/SRR3740276/SRR3740276.1,SRX1895428,ISY_Ar_12f,WGS,RANDOM,GENOMIC,PAIRED,0,0,ILLUMINA,Illumina HiSeq 2000,SRP077768,PRJNA327615,,327615,SRS1538430,SAMN05353908,simple,1047171,Zymoseptoria tritici,ISY_Ar_12f,,,,,,,no,,,,,ETH ZURICH,SRA437474,,public,7DBBBBE2AF2660C23226C557DA21D16C,C08299C50D104287BA422EE614984E3C
SRR3740281,2017-02-03 10:28:47,2016-07-02 07:12:51,6058555,1223828110,6058555,202,835,,https://sra-downloadb.st-va.ncbi.nlm.nih.gov/sos2/sra-pub-run-3/SRR3740281/SRR3740281.1,SRX1895433,ISY_Ar_15a,WGS,RANDOM,GENOMIC,PAIRED,0,0,ILLUMINA,Illumina HiSeq 2000,SRP077768,PRJNA327615,,327615,SRS1538435,SAMN05353913,simple,1047171,Zymoseptoria tritici,ISY_Ar_15a,,,,,,,no,,,,,ETH ZURICH,SRA437474,,public,2EB3AE0BC3B435061F34A1A76669907E,0ADE82BD9DC36E11DF1431D098EC6184
SRR3740280,2017-02-03 10:28:47,2016-07-02 07:17:28,7159439,1446206678,7159439,202,975,,https://sra-downloadb.st-va.ncbi.nlm.nih.gov/sos2/sra-pub-run-3/SRR3740280/SRR3740280.1,SRX1895432,ISY_Ar_17i,WGS,RANDOM,GENOMIC,PAIRED,0,0,ILLUMINA,Illumina HiSeq 2000,SRP077768,PRJNA327615,,327615,SRS1538434,SAMN05353912,simple,1047171,Zymoseptoria tritici,ISY_Ar_17i,,,,,,,no,,,,,ETH ZURICH,SRA437474,,public,BEEC32C2193AD0FEF524A7E0B1461668,85EB011181DC8E1BCC360C7EC1D5D8E1
SRR4907767,2017-12-08 00:01:28,2016-11-04 19:32:09,7853584,1586423968,7853584,202,1048,,https://sra-downloadb.st-va.ncbi.nlm.nih.gov/sos2/sra-pub-run-3/SRR4907767/SRR4907767.1,SRX2327139,ISY_Ar_19e,WGS,RANDOM,GENOMIC,PAIRED,0,0,ILLUMINA,Illumina HiSeq 2000,SRP077768,PRJNA327615,,327615,SRS1782587,SAMN05981206,simple,1047171,Zymoseptoria tritici,ISY_Ar_19e,,,,,,,no,,,,,ETH ZURICH,SRA490455,,public,BD46F6742460667CF131268ED40C9AAD,35A02BF728E1176C4F275EBC4A8BD016
SRR4907759,2017-12-08 00:01:28,2016-11-04 19:30:37,4452700,899445400,4452700,202,636,,https://sra-downloadb.st-va.ncbi.nlm.nih.gov/sos1/sra-pub-run-10/SRR4907759/SRR4907759.1,SRX2327131,ISY_Ar_1j,WGS,RANDOM,GENOMIC,PAIRED,0,0,ILLUMINA,Illumina HiSeq 2000,SRP077768,PRJNA327615,,327615,SRS1782579,SAMN05981207,simple,1047171,Zymoseptoria tritici,ISY_Ar_1j,,,,,,,no,,,,,ETH ZURICH,SRA490455,,public,694BE59C0D1927BCCA84AD261148A70F,12D1DEB185F0729728B903E3B00722A8
SRR3740278,2017-02-03 10:28:47,2016-07-02 07:13:44,8522781,1721601762,8522781,202,1089,,https://sra-downloadb.st-va.ncbi.nlm.nih.gov/sos2/sra-pub-run-3/SRR3740278/SRR3740278.1,SRX1895430,ISY_Ar_21a,WGS,RANDOM,GENOMIC,PAIRED,0,0,ILLUMINA,Illumina HiSeq 2000,SRP077768,PRJNA327615,,327615,SRS1538432,SAMN05353910,simple,1047171,Zymoseptoria tritici,ISY_Ar_21a,,,,,,,no,,,,,ETH ZURICH,SRA437474,,public,07BD8E93047EC374A16562708EEA8D48,8FF4ECA93A4B1515B4385EB3725443E4
SRR4907760,2017-12-08 00:01:28,2016-11-04 19:30:44,4688397,947056194,4688397,202,664,,https://sra-downloadb.st-va.ncbi.nlm.nih.gov/sos1/sra-pub-run-10/SRR4907760/SRR4907760.1,SRX2327132,ISY_Ar_2b,WGS,RANDOM,GENOMIC,PAIRED,0,0,ILLUMINA,Illumina HiSeq 2000,SRP077768,PRJNA327615,,327615,SRS1782580,SAMN05981208,simple,1047171,Zymoseptoria tritici,ISY_Ar_2b,,,,,,,no,,,,,ETH ZURICH,SRA490455,,public,F33A639C597BF0AA08452EA8B2A44EC0,725E2AD4CA09B273A02D29E7D15AA2E2
SRR3740277,2017-02-03 10:28:47,2016-07-02 07:13:59,9741725,1967828450,9741725,202,1247,,https://sra-downloadb.st-va.ncbi.nlm.nih.gov/sos2/sra-pub-run-3/SRR3740277/SRR3740277.1,SRX1895429,ISY_Ar_2f,WGS,RANDOM,GENOMIC,PAIRED,0,0,ILLUMINA,Illumina HiSeq 2000,SRP077768,PRJNA327615,,327615,SRS1538431,SAMN05353909,simple,1047171,Zymoseptoria tritici,ISY_Ar_2f,,,,,,,no,,,,,ETH ZURICH,SRA437474,,public,FD53BCBC6F2A26859F9E58BFC064889E,518475DD3D7089AA7BEF0250AC9E0165
SRR4907765,2017-12-08 00:01:28,2016-11-04 19:33:10,11027039,2227461878,11027039,202,1428,,https://sra-downloadb.st-va.ncbi.nlm.nih.gov/sos1/sra-pub-run-10/SRR4907765/SRR4907765.1,SRX2327137,ISY_Ar_4b,WGS,RANDOM,GENOMIC,PAIRED,0,0,ILLUMINA,Illumina HiSeq 2000,SRP077768,PRJNA327615,,327615,SRS1782585,SAMN05981209,simple,1047171,Zymoseptoria tritici,ISY_Ar_4b,,,,,,,no,,,,,ETH ZURICH,SRA490455,,public,B62FCFA1EB582EAD77CD42F4959FCFB3,02976B262FCD11C025D56A3A1EAF0BCB
SRR4907750,2017-12-08 00:01:28,2016-11-04 19:32:47,10630772,2147415944,10630772,202,1339,,https://sra-downloadb.st-va.ncbi.nlm.nih.gov/sos1/sra-pub-run-10/SRR4907750/SRR4907750.1,SRX2327122,ISY_Ar_4f,WGS,RANDOM,GENOMIC,PAIRED,0,0,ILLUMINA,Illumina HiSeq 2000,SRP077768,PRJNA327615,,327615,SRS1782570,SAMN05981210,simple,1047171,Zymoseptoria tritici,ISY_Ar_4f,,,,,,,no,,,,,ETH ZURICH,SRA490455,,public,0E001E5A2D0AD371AB846416ABE27DA3,CA8E2F71E7671BA90EF62853CC1C8220
SRR4907749,2017-12-08 00:01:28,2016-11-04 19:30:31,4262734,861072268,4262734,202,502,,https://sra-downloadb.st-va.ncbi.nlm.nih.gov/sos2/sra-pub-run-3/SRR4907749/SRR4907749.1,SRX2327121,ISY_Ar_4g,WGS,RANDOM,GENOMIC,PAIRED,0,0,ILLUMINA,Illumina HiSeq 2000,SRP077768,PRJNA327615,,327615,SRS1782569,SAMN05981211,simple,1047171,Zymoseptoria tritici,ISY_Ar_4g,,,,,,,no,,,,,ETH ZURICH,SRA490455,,public,6B9992F5CB07C3C86612BD6BC6DE8DFB,FC8392A2EB8AD519FF8EE4A41824E940
SRR4907763,2017-12-08 00:01:28,2016-11-04 19:32:18,7601035,1535409070,7601035,202,1039,,https://sra-downloadb.st-va.ncbi.nlm.nih.gov/sos2/sra-pub-run-3/SRR4907763/SRR4907763.1,SRX2327135,ISY_Ar_5g,WGS,RANDOM,GENOMIC,PAIRED,0,0,ILLUMINA,Illumina HiSeq 2000,SRP077768,PRJNA327615,,327615,SRS1782583,SAMN05981212,simple,1047171,Zymoseptoria tritici,ISY_Ar_5g,,,,,,,no,,,,,ETH ZURICH,SRA490455,,public,78A4F8F6FBE32F975343CB05D66F27C4,5A223D89A879A2092957EE3EE89EE272
SRR3740349,2017-02-03 10:28:47,2016-07-02 07:15:02,4551178,919337956,4551178,202,619,,https://sra-downloadb.st-va.ncbi.nlm.nih.gov/sos2/sra-pub-run-3/SRR3740349/SRR3740349.1,SRX1895499,ST99CH_3A1,WGS,RANDOM,GENOMIC,PAIRED,0,0,ILLUMINA,Illumina HiSeq 2000,SRP077768,PRJNA327615,,327615,SRS1538515,SAMN05353973,simple,1047171,Zymoseptoria tritici,ST99CH_3A1,,,,,,,no,,,,,ETH ZURICH,SRA437474,,public,53E7013A17D058BD7C328CB7A7AAC039,8F4F3DB0190F572F1616408FFD506A6F
SRR4907761,2017-12-08 00:01:28,2016-11-04 19:31:02,5011712,1012365824,5011712,202,592,,https://sra-downloadb.st-va.ncbi.nlm.nih.gov/sos2/sra-pub-run-3/SRR4907761/SRR4907761.1,SRX2327133,ST99CH_3A10,WGS,RANDOM,GENOMIC,PAIRED,0,0,ILLUMINA,Illumina HiSeq 2000,SRP077768,PRJNA327615,,327615,SRS1782581,SAMN05981213,simple,1047171,Zymoseptoria tritici,ST99CH_3A10,,,,,,,no,,,,,ETH ZURICH,SRA490455,,public,D92A41EA8B339F891D1BF6303717D56D,CBC2CA81662A33588D8F5F4799626180
SRR3740338,2017-02-03 10:28:47,2016-07-02 07:15:15,4956947,1001303294,4956947,202,588,,https://sra-downloadb.st-va.ncbi.nlm.nih.gov/sos2/sra-pub-run-3/SRR3740338/SRR3740338.1,SRX1895488,ST99CH_3A2,WGS,RANDOM,GENOMIC,PAIRED,0,0,ILLUMINA,Illumina HiSeq 2000,SRP077768,PRJNA327615,,327615,SRS1538504,SAMN05353963,simple,1047171,Zymoseptoria tritici,ST99CH_3A2,,,,,,,no,,,,,ETH ZURICH,SRA437474,,public,A0969F9DABEAF6580CA193F89D8CC5F4,4F0A722A6FA68CA2D2CD11320E44710A
SRR3740339,2017-02-03 10:28:47,2016-07-02 07:15:14,5023156,1014677512,5023156,202,596,,https://sra-downloadb.st-va.ncbi.nlm.nih.gov/sos2/sra-pub-run-3/SRR3740339/SRR3740339.1,SRX1895489,ST99CH_3A4,WGS,RANDOM,GENOMIC,PAIRED,0,0,ILLUMINA,Illumina HiSeq 2000,SRP077768,PRJNA327615,,327615,SRS1538505,SAMN05353964,simple,1047171,Zymoseptoria tritici,ST99CH_3A4,,,,,,,no,,,,,ETH ZURICH,SRA437474,,public,230BD18D206D16BECFE2BDC85BC6D1B4,533F69FEDA59130C5270B4218444DE26
SRR3740340,2017-02-03 10:28:47,2016-07-02 07:15:32,6438267,1300529934,6438267,202,767,,https://sra-downloadb.st-va.ncbi.nlm.nih.gov/sos2/sra-pub-run-3/SRR3740340/SRR3740340.1,SRX1895490,ST99CH_3A5,WGS,RANDOM,GENOMIC,PAIRED,0,0,ILLUMINA,Illumina HiSeq 2000,SRP077768,PRJNA327615,,327615,SRS1538506,SAMN05353965,simple,1047171,Zymoseptoria tritici,ST99CH_3A5,,,,,,,no,,,,,ETH ZURICH,SRA437474,,public,85707A737E7E98A9266FDA104A18BBD5,41AAD7F9A3E348E9CE65C2954637FD2F
SRR3740344,2017-02-03 10:28:47,2016-07-02 07:22:47,11982220,2420408440,11982220,202,1560,,https://sra-downloadb.st-va.ncbi.nlm.nih.gov/sos2/sra-pub-run-3/SRR3740344/SRR3740344.1,SRX1895494,ST99CH_3A6,WGS,RANDOM,GENOMIC,PAIRED,0,0,ILLUMINA,Illumina HiSeq 2000,SRP077768,PRJNA327615,,327615,SRS1538510,SAMN05353968,simple,1047171,Zymoseptoria tritici,ST99CH_3A6,,,,,,,no,,,,,ETH ZURICH,SRA437474,,public,4474BD1E1DC2ACC31B33142F454A0495,E4DD9C924F6D9B147BDA358892A1036C
SRR13020816,2020-11-10 17:20:38,2020-11-10 16:44:43,6145079,1241305958,6145079,202,721,,https://sra-download.ncbi.nlm.nih.gov/traces/sra20/SRR/012715/SRR13020816,SRX9471060,ST99CH_3A8,WGS,RANDOM,GENOMIC,PAIRED,0,0,ILLUMINA,Illumina HiSeq 2000,SRP077768,PRJNA327615,,327615,SRS7681411,SAMN16729295,simple,1047171,Zymoseptoria tritici,ST99CH_3A8,,,,,,,no,,,,,UNIVERSITY OF NEUCHATEL,SRA1157372,,public,96AB490C8BA98579E1C34D6CB4578602,958201793954C19C5EF556198842A3CD
SRR4907747,2017-12-08 00:01:28,2016-11-04 19:32:24,9060969,1830315738,9060969,202,1233,,https://sra-downloadb.st-va.ncbi.nlm.nih.gov/sos2/sra-pub-run-4/SRR4907747/SRR4907747.1,SRX2327119,ST99CH_3A9,WGS,RANDOM,GENOMIC,PAIRED,0,0,ILLUMINA,Illumina HiSeq 2000,SRP077768,PRJNA327615,,327615,SRS1782567,SAMN05981214,simple,1047171,Zymoseptoria tritici,ST99CH_3A9,,,,,,,no,,,,,ETH ZURICH,SRA490455,,public,2F7D1151F4A9CBAF9944F55834D258F1,98DE1E91A7325C6A989E101F0BCFC6D9
SRR3740347,2017-02-03 10:28:47,2016-07-02 07:16:40,10372320,2095208640,10372320,202,1341,,https://sra-downloadb.st-va.ncbi.nlm.nih.gov/sos2/sra-pub-run-3/SRR3740347/SRR3740347.1,SRX1895497,ST99CH_3B2,WGS,RANDOM,GENOMIC,PAIRED,0,0,ILLUMINA,Illumina HiSeq 2000,SRP077768,PRJNA327615,,327615,SRS1538514,SAMN05353971,simple,1047171,Zymoseptoria tritici,ST99CH_3B2,,,,,,,no,,,,,ETH ZURICH,SRA437474,,public,C2AA2EFF76EF66B23E1A72A5C4740986,50C7003653DFAE1655BAD087E8C57A2F
SRR3740345,2017-02-03 10:28:47,2016-07-02 07:18:11,13050202,2636140804,13050202,202,1655,,https://sra-downloadb.st-va.ncbi.nlm.nih.gov/sos2/sra-pub-run-3/SRR3740345/SRR3740345.1,SRX1895495,ST99CH_3B4,WGS,RANDOM,GENOMIC,PAIRED,0,0,ILLUMINA,Illumina HiSeq 2000,SRP077768,PRJNA327615,,327615,SRS1538511,SAMN05353969,simple,1047171,Zymoseptoria tritici,ST99CH_3B4,,,,,,,no,,,,,ETH ZURICH,SRA437474,,public,9153C5E14DBE31BED24E6F4900C142CA,0410824FA61346E899599AD82C7DA632
SRR3740342,2017-02-03 10:28:47,2016-07-02 07:15:22,5263197,1063165794,5263197,202,623,,https://sra-downloadb.st-va.ncbi.nlm.nih.gov/sos2/sra-pub-run-3/SRR3740342/SRR3740342.1,SRX1895492,ST99CH_3C7,WGS,RANDOM,GENOMIC,PAIRED,0,0,ILLUMINA,Illumina HiSeq 2000,SRP077768,PRJNA327615,,327615,SRS1538508,SAMN05353966,simple,1047171,Zymoseptoria tritici,ST99CH_3C7,,,,,,,no,,,,,ETH ZURICH,SRA437474,,public,1BB92D07B42314C8A1BF7964FDB6F243,985C9102629B1173608D9BD1CEE86F33
SRR3740335,2017-02-03 10:28:47,2016-07-02 07:15:13,6153752,1243057904,6153752,202,806,,https://sra-downloadb.st-va.ncbi.nlm.nih.gov/sos2/sra-pub-run-3/SRR3740335/SRR3740335.1,SRX1895485,ST99CH_3D3,WGS,RANDOM,GENOMIC,PAIRED,0,0,ILLUMINA,Illumina HiSeq 2000,SRP077768,PRJNA327615,,327615,SRS1538501,SAMN05353960,simple,1047171,Zymoseptoria tritici,ST99CH_3D3,,,,,,,no,,,,,ETH ZURICH,SRA437474,,public,42F06731C9460B69EF5D917156339B54,0DBC646E2B404225187C39DA007B1FC4
SRR3740337,2017-02-03 10:28:47,2016-07-02 07:15:23,5103205,1030847410,5103205,202,670,,https://sra-downloadb.st-va.ncbi.nlm.nih.gov/sos2/sra-pub-run-3/SRR3740337/SRR3740337.1,SRX1895487,ST99CH_3D5,WGS,RANDOM,GENOMIC,PAIRED,0,0,ILLUMINA,Illumina HiSeq 2000,SRP077768,PRJNA327615,,327615,SRS1538503,SAMN05353962,simple,1047171,Zymoseptoria tritici,ST99CH_3D5,,,,,,,no,,,,,ETH ZURICH,SRA437474,,public,1133670A8DC03E549440723D5ECC49C5,3324AFECC1EB12C2C938901791434C0E
SRR4907752,2017-12-08 00:01:28,2016-11-04 19:32:20,8715765,1760584530,8715765,202,1168,,https://sra-downloadb.st-va.ncbi.nlm.nih.gov/sos2/sra-pub-run-3/SRR4907752/SRR4907752.1,SRX2327124,ST99CH_3D8,WGS,RANDOM,GENOMIC,PAIRED,0,0,ILLUMINA,Illumina HiSeq 2000,SRP077768,PRJNA327615,,327615,SRS1782572,SAMN05981215,simple,1047171,Zymoseptoria tritici,ST99CH_3D8,,,,,,,no,,,,,ETH ZURICH,SRA490455,,public,EECAE8F5DA9A76A3CFAD3197DE161B03,E5872CFF9A41CAD98A5E26B2EA25D8EA
SRR3740346,2017-02-03 10:28:47,2016-07-02 07:16:35,9035766,1825224732,9035766,202,1174,,https://sra-downloadb.st-va.ncbi.nlm.nih.gov/sos2/sra-pub-run-3/SRR3740346/SRR3740346.1,SRX1895496,ST99CH_3F1,WGS,RANDOM,GENOMIC,PAIRED,0,0,ILLUMINA,Illumina HiSeq 2000,SRP077768,PRJNA327615,,327615,SRS1538512,SAMN05353970,simple,1047171,Zymoseptoria tritici,ST99CH_3F1,,,,,,,no,,,,,ETH ZURICH,SRA437474,,public,77BD36DE1DDFCFB77229EBAD310B4FC8,6709E0C4C79E965590D639CE84F93B1D
SRR3740350,2017-02-03 10:28:47,2016-07-02 07:15:32,5838218,1179320036,5838218,202,787,,https://sra-downloadb.st-va.ncbi.nlm.nih.gov/sos2/sra-pub-run-3/SRR3740350/SRR3740350.1,SRX1895500,ST99CH_3F2,WGS,RANDOM,GENOMIC,PAIRED,0,0,ILLUMINA,Illumina HiSeq 2000,SRP077768,PRJNA327615,,327615,SRS1538516,SAMN05353974,simple,1047171,Zymoseptoria tritici,ST99CH_3F2,,,,,,,no,,,,,ETH ZURICH,SRA437474,,public,4633C89B5A6BA0BD268208CA8276CFBB,344C898AA0C01B82F94954989A1B3A33
SRR3740343,2017-02-03 10:28:47,2016-07-02 07:14:59,4958345,1001585690,4958345,202,583,,https://sra-downloadb.st-va.ncbi.nlm.nih.gov/sos2/sra-pub-run-3/SRR3740343/SRR3740343.1,SRX1895493,ST99CH_3F3,WGS,RANDOM,GENOMIC,PAIRED,0,0,ILLUMINA,Illumina HiSeq 2000,SRP077768,PRJNA327615,,327615,SRS1538509,SAMN05353967,simple,1047171,Zymoseptoria tritici,ST99CH_3F3,,,,,,,no,,,,,ETH ZURICH,SRA437474,,public,1DEA8431E4D6FC502B99E47DB61EA4B1,EE1FA225C1005137A2D048BF0CE30799
SRR4907746,2017-12-08 00:01:28,2016-11-04 19:30:34,4125645,833380290,4125645,202,540,,https://sra-downloadb.st-va.ncbi.nlm.nih.gov/sos1/sra-pub-run-10/SRR4907746/SRR4907746.1,SRX2327118,ST99CH_3F4,WGS,RANDOM,GENOMIC,PAIRED,0,0,ILLUMINA,Illumina HiSeq 2000,SRP077768,PRJNA327615,,327615,SRS1782566,SAMN05981216,simple,1047171,Zymoseptoria tritici,ST99CH_3F4,,,,,,,no,,,,,ETH ZURICH,SRA490455,,public,1D64550EDF1A8B308FBCCF281E70E613,36B050D909CB9119E2DAFA64A4F8A5D0
SRR4907758,2017-12-08 00:01:28,2016-11-04 19:31:46,7844443,1584577486,7844443,202,1047,,https://sra-downloadb.st-va.ncbi.nlm.nih.gov/sos2/sra-pub-run-3/SRR4907758/SRR4907758.1,SRX2327130,ST99CH_3G2,WGS,RANDOM,GENOMIC,PAIRED,0,0,ILLUMINA,Illumina HiSeq 2000,SRP077768,PRJNA327615,,327615,SRS1782578,SAMN05981217,simple,1047171,Zymoseptoria tritici,ST99CH_3G2,,,,,,,no,,,,,ETH ZURICH,SRA490455,,public,E4B092962E64D0CF19B6E13CD22F4C52,141DA2290EC5041BE9E6BCD73D593F9B
SRR4907764,2017-12-08 00:01:28,2016-11-04 19:31:17,6146089,1241509978,6146089,202,818,,https://sra-downloadb.st-va.ncbi.nlm.nih.gov/sos2/sra-pub-run-3/SRR4907764/SRR4907764.1,SRX2327136,ST99CH_3G3,WGS,RANDOM,GENOMIC,PAIRED,0,0,ILLUMINA,Illumina HiSeq 2000,SRP077768,PRJNA327615,,327615,SRS1782584,SAMN05981218,simple,1047171,Zymoseptoria tritici,ST99CH_3G3,,,,,,,no,,,,,ETH ZURICH,SRA490455,,public,512BB54193F955E1DA20D893CF02965F,6240506CE6293D940FE732DFBD59E297
SRR3740348,2017-02-03 10:28:47,2016-07-02 07:19:07,7061590,1426441180,7061590,202,965,,https://sra-downloadb.st-va.ncbi.nlm.nih.gov/sos2/sra-pub-run-3/SRR3740348/SRR3740348.1,SRX1895498,ST99CH_3G6,WGS,RANDOM,GENOMIC,PAIRED,0,0,ILLUMINA,Illumina HiSeq 2000,SRP077768,PRJNA327615,,327615,SRS1538513,SAMN05353972,simple,1047171,Zymoseptoria tritici,ST99CH_3G6,,,,,,,no,,,,,ETH ZURICH,SRA437474,,public,8335E46E9993472540CEC0C9BB22A201,3D642A91A1D69FD8B121DECE3D94D676
SRR3740336,2017-02-03 10:28:47,2016-07-02 07:15:34,5731931,1157850062,5731931,202,757,,https://sra-downloadb.st-va.ncbi.nlm.nih.gov/sos2/sra-pub-run-3/SRR3740336/SRR3740336.1,SRX1895486,ST99CH_3H1,WGS,RANDOM,GENOMIC,PAIRED,0,0,ILLUMINA,Illumina HiSeq 2000,SRP077768,PRJNA327615,,327615,SRS1538502,SAMN05353961,simple,1047171,Zymoseptoria tritici,ST99CH_3H1,,,,,,,no,,,,,ETH ZURICH,SRA437474,,public,C3DF4232827DCBA76788EC7FB4BE795E,2300494A2DCBE78681BB93443F86D175
SRR3740351,2017-02-03 10:28:47,2016-07-02 07:16:38,10399934,2100786668,10399934,202,1405,,https://sra-downloadb.st-va.ncbi.nlm.nih.gov/sos2/sra-pub-run-3/SRR3740351/SRR3740351.1,SRX1895501,ST99CH_3H4,WGS,RANDOM,GENOMIC,PAIRED,0,0,ILLUMINA,Illumina HiSeq 2000,SRP077768,PRJNA327615,,327615,SRS1538517,SAMN05353975,simple,1047171,Zymoseptoria tritici,ST99CH_3H4,,,,,,,no,,,,,ETH ZURICH,SRA437474,,public,BACE537670DDF1FDA0EE5A3994BF8059,A2BC5E1BBE45F611548C8C3F26FAEAE6
SRR3740341,2017-02-03 10:28:47,2016-07-02 07:15:25,5381834,1087130468,5381834,202,643,,https://sra-downloadb.st-va.ncbi.nlm.nih.gov/sos2/sra-pub-run-3/SRR3740341/SRR3740341.1,SRX1895491,STAus01_1A4,WGS,RANDOM,GENOMIC,PAIRED,0,0,ILLUMINA,Illumina HiSeq 2000,SRP077768,PRJNA327615,,327615,SRS1538507,SAMN05353885,simple,1047171,Zymoseptoria tritici,STAus01_1A4,,,,,,,no,,,,,ETH ZURICH,SRA437474,,public,E244FD1FA6B3010C607385F9A1C3A99F,A40B7328C165B152652E7B9E6F64819D
SRR4907745,2017-12-08 00:01:28,2016-11-04 19:31:10,6273686,1267284572,6273686,202,848,,https://sra-downloadb.st-va.ncbi.nlm.nih.gov/sos1/sra-pub-run-10/SRR4907745/SRR4907745.1,SRX2327117,STAus01_1B1,WGS,RANDOM,GENOMIC,PAIRED,0,0,ILLUMINA,Illumina HiSeq 2000,SRP077768,PRJNA327615,,327615,SRS1782565,SAMN05981219,simple,1047171,Zymoseptoria tritici,STAus01_1B1,,,,,,,no,,,,,ETH ZURICH,SRA490455,,public,B6851EC128AD3263027014F3161B2455,BC8DF51E7142D369988216D4072C8AAA
SRR3740319,2017-02-03 10:28:47,2016-07-02 07:15:42,4219761,852391722,4219761,202,502,,https://sra-downloadb.st-va.ncbi.nlm.nih.gov/sos2/sra-pub-run-3/SRR3740319/SRR3740319.1,SRX1895469,STAus01_1B2,WGS,RANDOM,GENOMIC,PAIRED,0,0,ILLUMINA,Illumina HiSeq 2000,SRP077768,PRJNA327615,,327615,SRS1538485,SAMN05353883,simple,1047171,Zymoseptoria tritici,STAus01_1B2,,,,,,,no,,,,,ETH ZURICH,SRA437474,,public,129DA70304DA00C0BB285F015274356B,D603045667893FDBA4D8930CA76CB1D9
SRR4907766,2017-12-08 00:01:28,2016-11-04 19:32:22,7400036,1494807272,7400036,202,978,,https://sra-downloadb.st-va.ncbi.nlm.nih.gov/sos1/sra-pub-run-10/SRR4907766/SRR4907766.1,SRX2327138,STAus01_1C1,WGS,RANDOM,GENOMIC,PAIRED,0,0,ILLUMINA,Illumina HiSeq 2000,SRP077768,PRJNA327615,,327615,SRS1782586,SAMN05981220,simple,1047171,Zymoseptoria tritici,STAus01_1C1,,,,,,,no,,,,,ETH ZURICH,SRA490455,,public,F57D1E08274FC89DF7737F7DEF3EBF39,CC93DEC786CB0121FD71A03D824B8982
SRR3740308,2017-02-03 10:28:47,2016-07-02 07:15:46,4520622,913165644,4520622,202,534,,https://sra-downloadb.st-va.ncbi.nlm.nih.gov/sos2/sra-pub-run-3/SRR3740308/SRR3740308.1,SRX1895458,STAus01_1C2,WGS,RANDOM,GENOMIC,PAIRED,0,0,ILLUMINA,Illumina HiSeq 2000,SRP077768,PRJNA327615,,327615,SRS1538474,SAMN05353882,simple,1047171,Zymoseptoria tritici,STAus01_1C2,,,,,,,no,,,,,ETH ZURICH,SRA437474,,public,ECA69F972BDABA098A5F63DEEF30EC6C,C2814CB26ABB04409244A3C7D7F60DD5
SRR4907762,2017-12-08 00:01:28,2016-11-04 19:33:25,10959953,2213910506,10959953,202,1422,,https://sra-downloadb.st-va.ncbi.nlm.nih.gov/sos1/sra-pub-run-10/SRR4907762/SRR4907762.1,SRX2327134,STAus01_1C3,WGS,RANDOM,GENOMIC,PAIRED,0,0,ILLUMINA,Illumina HiSeq 2000,SRP077768,PRJNA327615,,327615,SRS1782582,SAMN05981221,simple,1047171,Zymoseptoria tritici,STAus01_1C3,,,,,,,no,,,,,ETH ZURICH,SRA490455,,public,CD95B14063F20822AD40DD3F8CA761C2,40AEADCE7336CDEDC34F60184804A192
SRR4907754,2017-12-08 00:01:28,2016-11-04 19:30:56,5151105,1040523210,5151105,202,689,,https://sra-downloadb.st-va.ncbi.nlm.nih.gov/sos2/sra-pub-run-3/SRR4907754/SRR4907754.1,SRX2327126,STAus01_1C6,WGS,RANDOM,GENOMIC,PAIRED,0,0,ILLUMINA,Illumina HiSeq 2000,SRP077768,PRJNA327615,,327615,SRS1782574,SAMN05981222,simple,1047171,Zymoseptoria tritici,STAus01_1C6,,,,,,,no,,,,,ETH ZURICH,SRA490455,,public,5B9A5D08F18FF79BB2A484945A91F885,F69E0ED6BFC2BAB5BCA11EF7AEE54CBA
SRR3740284,2017-02-03 10:28:47,2016-07-02 07:12:05,5093015,1028789030,5093015,202,612,,https://sra-downloadb.st-va.ncbi.nlm.nih.gov/sos2/sra-pub-run-3/SRR3740284/SRR3740284.1,SRX1895436,STAus01_1C8,WGS,RANDOM,GENOMIC,PAIRED,0,0,ILLUMINA,Illumina HiSeq 2000,SRP077768,PRJNA327615,,327615,SRS1538438,SAMN05353880,simple,1047171,Zymoseptoria tritici,STAus01_1C8,,,,,,,no,,,,,ETH ZURICH,SRA437474,,public,953352D303A116C03A66E2218CDE1905,422DEB428C3BBED482F1A8E2943E494E
SRR3740330,2017-02-03 10:28:47,2016-07-02 07:14:50,4578793,924916186,4578793,202,547,,https://sra-downloadb.st-va.ncbi.nlm.nih.gov/sos2/sra-pub-run-3/SRR3740330/SRR3740330.1,SRX1895480,STAus01_1F2,WGS,RANDOM,GENOMIC,PAIRED,0,0,ILLUMINA,Illumina HiSeq 2000,SRP077768,PRJNA327615,,327615,SRS1538498,SAMN05353884,simple,1047171,Zymoseptoria tritici,STAus01_1F2,,,,,,,no,,,,,ETH ZURICH,SRA437474,,public,5B68A6D9749EDD2016073A9315B11619,E5817D39F4C0EA9ACF45C32F95E742AF
SRR4907753,2017-12-08 00:01:28,2016-11-04 19:31:23,6061889,1224501578,6061889,202,807,,https://sra-downloadb.st-va.ncbi.nlm.nih.gov/sos2/sra-pub-run-3/SRR4907753/SRR4907753.1,SRX2327125,STAus01_1F3,WGS,RANDOM,GENOMIC,PAIRED,0,0,ILLUMINA,Illumina HiSeq 2000,SRP077768,PRJNA327615,,327615,SRS1782573,SAMN05981223,simple,1047171,Zymoseptoria tritici,STAus01_1F3,,,,,,,no,,,,,ETH ZURICH,SRA490455,,public,7E7C2D27F2D50A1AAA2AA8AF7199E364,B9CE96AB5AB68F65053260D33B3BDB02
SRR4907748,2017-12-08 00:01:28,2016-11-04 19:32:12,8204158,1657239916,8204158,202,1061,,https://sra-downloadb.st-va.ncbi.nlm.nih.gov/sos1/sra-pub-run-10/SRR4907748/SRR4907748.1,SRX2327120,STAus01_1G2,WGS,RANDOM,GENOMIC,PAIRED,0,0,ILLUMINA,Illumina HiSeq 2000,SRP077768,PRJNA327615,,327615,SRS1782568,SAMN05981224,simple,1047171,Zymoseptoria tritici,STAus01_1G2,,,,,,,no,,,,,ETH ZURICH,SRA490455,,public,AC9A7E2DBE598BB7C2EAD383AF869E4E,4B4BAD3E1BC776DA89D822A6B954768C
SRR3740295,2017-02-03 10:28:47,2016-07-02 07:13:43,4570781,923297762,4570781,202,543,,https://sra-downloadb.st-va.ncbi.nlm.nih.gov/sos2/sra-pub-run-3/SRR3740295/SRR3740295.1,SRX1895447,STAus01_1H2,WGS,RANDOM,GENOMIC,PAIRED,0,0,ILLUMINA,Illumina HiSeq 2000,SRP077768,PRJNA327615,,327615,SRS1538449,SAMN05353881,simple,1047171,Zymoseptoria tritici,STAus01_1H2,,,,,,,no,,,,,ETH ZURICH,SRA437474,,public,90E5CE4FA162B6C923D7D264D8832D31,88C16423F75DCD109736A48D798ABCB7
SRR3740303,2017-02-03 10:28:47,2016-07-02 07:15:47,10578583,2136873766,10578583,202,1350,,https://sra-downloadb.st-va.ncbi.nlm.nih.gov/sos2/sra-pub-run-3/SRR3740303/SRR3740303.1,SRX1895453,a12_3B_11,WGS,RANDOM,GENOMIC,PAIRED,0,0,ILLUMINA,Illumina HiSeq 2000,SRP077768,PRJNA327615,,327615,SRS1538455,SAMN05353931,simple,1047171,Zymoseptoria tritici,a12_3B_11,,,,,,,no,,,,,ETH ZURICH,SRA437474,,public,64B34AFE9A95637A2BFA83B283C617A9,1B192E6A788250AEA96BCF8F06E2959A
SRR3740301,2017-02-03 10:28:47,2016-07-02 07:16:30,11290178,2280615956,11290178,202,1443,,https://sra-downloadb.st-va.ncbi.nlm.nih.gov/sos2/sra-pub-run-3/SRR3740301/SRR3740301.1,SRX1895451,a12_3B_12,WGS,RANDOM,GENOMIC,PAIRED,0,0,ILLUMINA,Illumina HiSeq 2000,SRP077768,PRJNA327615,,327615,SRS1538453,SAMN05353929,simple,1047171,Zymoseptoria tritici,a12_3B_12,,,,,,,no,,,,,ETH ZURICH,SRA437474,,public,E8F6A1A8690D90E661893DA2ABA74C10,2EBDB2FDFE4CF71D81E8977FA9138000
SRR13020817,2020-11-10 17:20:38,2020-11-10 16:42:51,254019,51311838,254019,202,37,,https://sra-download.ncbi.nlm.nih.gov/traces/sra23/SRR/012715/SRR13020817,SRX9471059,a12_3B_13,WGS,RANDOM,GENOMIC,PAIRED,0,0,ILLUMINA,Illumina HiSeq 2000,SRP077768,PRJNA327615,,327615,SRS7681410,SAMN16729294,simple,1047171,Zymoseptoria tritici,a12_3B_13,,,,,,,no,,,,,UNIVERSITY OF NEUCHATEL,SRA1157372,,public,162DFC8D0F14A2CD6EEF52D676499353,C01617B3587AD5CA9D9F24F78126526E
SRR3740305,2017-02-03 10:28:47,2016-07-02 07:13:38,5205524,1051515848,5205524,202,704,,https://sra-downloadb.st-va.ncbi.nlm.nih.gov/sos2/sra-pub-run-3/SRR3740305/SRR3740305.1,SRX1895455,a12_3B_14,WGS,RANDOM,GENOMIC,PAIRED,0,0,ILLUMINA,Illumina HiSeq 2000,SRP077768,PRJNA327615,,327615,SRS1538471,SAMN05353933,simple,1047171,Zymoseptoria tritici,a12_3B_14,,,,,,,no,,,,,ETH ZURICH,SRA437474,,public,A54F3570E8DEE0757677014E4E0671C2,10C80D0407EBBED20793F719412BCEF5
SRR3740285,2017-02-03 10:28:47,2016-07-02 07:14:37,4972180,1004380360,4972180,202,646,,https://sra-downloadb.st-va.ncbi.nlm.nih.gov/sos2/sra-pub-run-3/SRR3740285/SRR3740285.1,SRX1895437,a12_3B_15,WGS,RANDOM,GENOMIC,PAIRED,0,0,ILLUMINA,Illumina HiSeq 2000,SRP077768,PRJNA327615,,327615,SRS1538439,SAMN05353916,simple,1047171,Zymoseptoria tritici,a12_3B_15,,,,,,,no,,,,,ETH ZURICH,SRA437474,,public,54813EA36F11FA88D3B911643D5D8640,D4C6DEED62B35E80C0DC54A5DAF320EB
SRR3740300,2017-02-03 10:28:47,2016-07-02 07:15:36,11382793,2299324186,11382793,202,1481,,https://sra-downloadb.st-va.ncbi.nlm.nih.gov/sos2/sra-pub-run-3/SRR3740300/SRR3740300.1,SRX1895450,a12_3B_17,WGS,RANDOM,GENOMIC,PAIRED,0,0,ILLUMINA,Illumina HiSeq 2000,SRP077768,PRJNA327615,,327615,SRS1538452,SAMN05353928,simple,1047171,Zymoseptoria tritici,a12_3B_17,,,,,,,no,,,,,ETH ZURICH,SRA437474,,public,6F4F916794B6FA7D5EE04E44E454B3F1,3BF7BC8748634FBF8CD0A8FF358D709B
SRR3740299,2017-02-03 10:28:47,2016-07-02 07:15:57,10508887,2122795174,10508887,202,1357,,https://sra-downloadb.st-va.ncbi.nlm.nih.gov/sos2/sra-pub-run-3/SRR3740299/SRR3740299.1,SRX1895449,a12_3B_18,WGS,RANDOM,GENOMIC,PAIRED,0,0,ILLUMINA,Illumina HiSeq 2000,SRP077768,PRJNA327615,,327615,SRS1538451,SAMN05353927,simple,1047171,Zymoseptoria tritici,a12_3B_18,,,,,,,no,,,,,ETH ZURICH,SRA437474,,public,C5B0D0BF65BEEE5ABC7482E5370E2185,464F5E2DE2C9C559A5F296AEBD8BCFCD
SRR3740306,2017-02-03 10:28:47,2016-07-02 07:14:04,5637656,1138806512,5637656,202,775,,https://sra-downloadb.st-va.ncbi.nlm.nih.gov/sos2/sra-pub-run-3/SRR3740306/SRR3740306.1,SRX1895456,a12_3B_19,WGS,RANDOM,GENOMIC,PAIRED,0,0,ILLUMINA,Illumina HiSeq 2000,SRP077768,PRJNA327615,,327615,SRS1538472,SAMN05353934,simple,1047171,Zymoseptoria tritici,a12_3B_19,,,,,,,no,,,,,ETH ZURICH,SRA437474,,public,B4CC6C60D2331EA2DF655D839F79004E,80C0E8B1AA757AEFEC83804C36939C0C
SRR3740286,2017-02-03 10:28:47,2016-07-02 07:13:24,3796809,766955418,3796809,202,492,,https://sra-downloadb.st-va.ncbi.nlm.nih.gov/sos2/sra-pub-run-3/SRR3740286/SRR3740286.1,SRX1895438,a12_3B_2,WGS,RANDOM,GENOMIC,PAIRED,0,0,ILLUMINA,Illumina HiSeq 2000,SRP077768,PRJNA327615,,327615,SRS1538440,SAMN05353917,simple,1047171,Zymoseptoria tritici,a12_3B_2,,,,,,,no,,,,,ETH ZURICH,SRA437474,,public,03877835B783F66C79D7E29237E86728,A542797C71F86DA7AE9399E5F2A24555
SRR3740283,2017-02-03 10:28:47,2016-07-02 07:15:20,5595555,1130302110,5595555,202,730,,https://sra-downloadb.st-va.ncbi.nlm.nih.gov/sos2/sra-pub-run-3/SRR3740283/SRR3740283.1,SRX1895435,a12_3B_21,WGS,RANDOM,GENOMIC,PAIRED,0,0,ILLUMINA,Illumina HiSeq 2000,SRP077768,PRJNA327615,,327615,SRS1538437,SAMN05353915,simple,1047171,Zymoseptoria tritici,a12_3B_21,,,,,,,no,,,,,ETH ZURICH,SRA437474,,public,9500CBA73651C8D1D700385DF863DD69,2E3FB83CADCBEC4B38D8619B9BCF0B1E
SRR3740298,2017-02-03 10:28:47,2016-07-02 07:13:21,4070477,822236354,4070477,202,487,,https://sra-downloadb.st-va.ncbi.nlm.nih.gov/sos2/sra-pub-run-3/SRR3740298/SRR3740298.1,SRX1895448,a12_3B_3,WGS,RANDOM,GENOMIC,PAIRED,0,0,ILLUMINA,Illumina HiSeq 2000,SRP077768,PRJNA327615,,327615,SRS1538450,SAMN05353926,simple,1047171,Zymoseptoria tritici,a12_3B_3,,,,,,,no,,,,,ETH ZURICH,SRA437474,,public,8F72CDF69414D52A66801EFF2623BC8C,45A5C53FD5CD47B6BCA451109D621AEE
SRR3740292,2017-02-03 10:28:47,2016-07-02 07:13:34,5001264,1010255328,5001264,202,584,,https://sra-downloadb.st-va.ncbi.nlm.nih.gov/sos2/sra-pub-run-3/SRR3740292/SRR3740292.1,SRX1895444,a12_3B_5,WGS,RANDOM,GENOMIC,PAIRED,0,0,ILLUMINA,Illumina HiSeq 2000,SRP077768,PRJNA327615,,327615,SRS1538446,SAMN05353923,simple,1047171,Zymoseptoria tritici,a12_3B_5,,,,,,,no,,,,,ETH ZURICH,SRA437474,,public,EA57651C0A94F50527783E80FACADEF9,3F0E589A5819D5D52FB81C6DCFAB880A
SRR3740304,2017-02-03 10:28:47,2016-07-02 07:13:50,4670497,943440394,4670497,202,636,,https://sra-downloadb.st-va.ncbi.nlm.nih.gov/sos2/sra-pub-run-3/SRR3740304/SRR3740304.1,SRX1895454,a12_3B_6,WGS,RANDOM,GENOMIC,PAIRED,0,0,ILLUMINA,Illumina HiSeq 2000,SRP077768,PRJNA327615,,327615,SRS1538456,SAMN05353932,simple,1047171,Zymoseptoria tritici,a12_3B_6,,,,,,,no,,,,,ETH ZURICH,SRA437474,,public,E2B4179F0562424A02EEABBCC661C79B,B6179E81F9650DE19308D66C2B6970B6
SRR3740291,2017-02-03 10:28:47,2016-07-02 07:13:20,5565248,1124180096,5565248,202,654,,https://sra-downloadb.st-va.ncbi.nlm.nih.gov/sos2/sra-pub-run-3/SRR3740291/SRR3740291.1,SRX1895443,a12_3B_7,WGS,RANDOM,GENOMIC,PAIRED,0,0,ILLUMINA,Illumina HiSeq 2000,SRP077768,PRJNA327615,,327615,SRS1538445,SAMN05353922,simple,1047171,Zymoseptoria tritici,a12_3B_7,,,,,,,no,,,,,ETH ZURICH,SRA437474,,public,25FEA22853D4EC0B4A3D628EA24B9CDD,BF45CCEB223E67E471E3EB8953914D51
SRR3740293,2017-02-03 10:28:47,2016-07-02 07:13:30,4193651,847117502,4193651,202,491,,https://sra-downloadb.st-va.ncbi.nlm.nih.gov/sos2/sra-pub-run-3/SRR3740293/SRR3740293.1,SRX1895445,a12_3B_8,WGS,RANDOM,GENOMIC,PAIRED,0,0,ILLUMINA,Illumina HiSeq 2000,SRP077768,PRJNA327615,,327615,SRS1538447,SAMN05353924,simple,1047171,Zymoseptoria tritici,a12_3B_8,,,,,,,no,,,,,ETH ZURICH,SRA437474,,public,EF93C38180C0A42C5E9126F8C1083AF0,4F54B6CE71A7C0151F440CA78E0C9195
SRR3740307,2017-02-03 10:28:47,2016-07-02 07:16:42,5970081,1205956362,5970081,202,813,,https://sra-downloadb.st-va.ncbi.nlm.nih.gov/sos2/sra-pub-run-3/SRR3740307/SRR3740307.1,SRX1895457,a12_4A_1,WGS,RANDOM,GENOMIC,PAIRED,0,0,ILLUMINA,Illumina HiSeq 2000,SRP077768,PRJNA327615,,327615,SRS1538473,SAMN05353935,simple,1047171,Zymoseptoria tritici,a12_4A_1,,,,,,,no,,,,,ETH ZURICH,SRA437474,,public,FCBBBDEAF505EBD85A29EB277312BB87,A52A0BD25B09416710A2B383561C4FA2
SRR3740289,2017-02-03 10:28:47,2016-07-02 07:12:33,4744916,958473032,4744916,202,560,,https://sra-downloadb.st-va.ncbi.nlm.nih.gov/sos2/sra-pub-run-3/SRR3740289/SRR3740289.1,SRX1895441,a12_4A_10,WGS,RANDOM,GENOMIC,PAIRED,0,0,ILLUMINA,Illumina HiSeq 2000,SRP077768,PRJNA327615,,327615,SRS1538443,SAMN05353920,simple,1047171,Zymoseptoria tritici,a12_4A_10,,,,,,,no,,,,,ETH ZURICH,SRA437474,,public,C37A2C7D7EF13C143E50418A02362075,AFD5F82ED1123657588E8378F0125E67
SRR3740302,2017-02-03 10:28:47,2016-07-02 07:15:11,9848249,1989346298,9848249,202,1258,,https://sra-downloadb.st-va.ncbi.nlm.nih.gov/sos2/sra-pub-run-3/SRR3740302/SRR3740302.1,SRX1895452,a12_4A_11,WGS,RANDOM,GENOMIC,PAIRED,0,0,ILLUMINA,Illumina HiSeq 2000,SRP077768,PRJNA327615,,327615,SRS1538454,SAMN05353930,simple,1047171,Zymoseptoria tritici,a12_4A_11,,,,,,,no,,,,,ETH ZURICH,SRA437474,,public,7F586C18CCACEA80BD9566422CDCFA75,CB355EDC9C5CE50FC662078AF9E95DB6
SRR3740294,2017-02-03 10:28:47,2016-07-02 07:13:08,3562384,719601568,3562384,202,424,,https://sra-downloadb.st-va.ncbi.nlm.nih.gov/sos2/sra-pub-run-3/SRR3740294/SRR3740294.1,SRX1895446,a12_4A_2,WGS,RANDOM,GENOMIC,PAIRED,0,0,ILLUMINA,Illumina HiSeq 2000,SRP077768,PRJNA327615,,327615,SRS1538448,SAMN05353925,simple,1047171,Zymoseptoria tritici,a12_4A_2,,,,,,,no,,,,,ETH ZURICH,SRA437474,,public,D196DC6E62788E6A3F7815D45525E6B7,FB4B90F9C6E3E9287034574A90A37999
SRR3740290,2017-02-03 10:28:47,2016-07-02 07:13:57,6696306,1352653812,6696306,202,796,,https://sra-downloadb.st-va.ncbi.nlm.nih.gov/sos2/sra-pub-run-3/SRR3740290/SRR3740290.1,SRX1895442,a12_4A_4,WGS,RANDOM,GENOMIC,PAIRED,0,0,ILLUMINA,Illumina HiSeq 2000,SRP077768,PRJNA327615,,327615,SRS1538444,SAMN05353921,simple,1047171,Zymoseptoria tritici,a12_4A_4,,,,,,,no,,,,,ETH ZURICH,SRA437474,,public,6B8F09D6065B3EF2B1A12430C7C98243,D5C503041E567BED32DFFB01C4F41879
SRR3740287,2017-02-03 10:28:47,2016-07-02 07:13:27,4117315,831697630,4117315,202,534,,https://sra-downloadb.st-va.ncbi.nlm.nih.gov/sos2/sra-pub-run-3/SRR3740287/SRR3740287.1,SRX1895439,a12_4A_5,WGS,RANDOM,GENOMIC,PAIRED,0,0,ILLUMINA,Illumina HiSeq 2000,SRP077768,PRJNA327615,,327615,SRS1538441,SAMN05353918,simple,1047171,Zymoseptoria tritici,a12_4A_5,,,,,,,no,,,,,ETH ZURICH,SRA437474,,public,F8464F91CC44CADC986004039341E99F,65F3E9E271528C8F97A74BAC4F152EAD
SRR4907751,2017-12-08 00:01:28,2016-11-04 19:31:31,7480337,1511028074,7480337,202,1035,,https://sra-downloadb.st-va.ncbi.nlm.nih.gov/sos2/sra-pub-run-3/SRR4907751/SRR4907751.1,SRX2327123,a12_4A_6,WGS,RANDOM,GENOMIC,PAIRED,0,0,ILLUMINA,Illumina HiSeq 2000,SRP077768,PRJNA327615,,327615,SRS1782571,SAMN05981225,simple,1047171,Zymoseptoria tritici,a12_4A_6,,,,,,,no,,,,,ETH ZURICH,SRA490455,,public,5771FFE34B23D8038E90C0D85FC3067A,809D3B685211D06D8EDC06E026EE5C40
SRR3740288,2017-02-03 10:28:47,2016-07-02 07:12:17,4935774,997026348,4935774,202,583,,https://sra-downloadb.st-va.ncbi.nlm.nih.gov/sos2/sra-pub-run-3/SRR3740288/SRR3740288.1,SRX1895440,a12_4A_7,WGS,RANDOM,GENOMIC,PAIRED,0,0,ILLUMINA,Illumina HiSeq 2000,SRP077768,PRJNA327615,,327615,SRS1538442,SAMN05353919,simple,1047171,Zymoseptoria tritici,a12_4A_7,,,,,,,no,,,,,ETH ZURICH,SRA437474,,public,FC07C2596C0CBF93A67FC9C7EAF1F336,33F5205D84AAF605FA4B8045E206B69C
SRR3740326,2017-02-03 10:28:47,2016-07-02 07:16:29,9851146,1989931492,9851146,202,1242,,https://sra-downloadb.st-va.ncbi.nlm.nih.gov/sos2/sra-pub-run-3/SRR3740326/SRR3740326.1,SRX1895476,a15_2A_11,WGS,RANDOM,GENOMIC,PAIRED,0,0,ILLUMINA,Illumina HiSeq 2000,SRP077768,PRJNA327615,,327615,SRS1538492,SAMN05353952,simple,1047171,Zymoseptoria tritici,a15_2A_11,,,,,,,no,,,,,ETH ZURICH,SRA437474,,public,D357DDC24098A119EDA582CC5D38FFEF,BF97AD8A7D26E863D41421A394910A61
SRR3740323,2017-02-03 10:28:47,2016-07-02 07:14:24,4761179,961758158,4761179,202,561,,https://sra-downloadb.st-va.ncbi.nlm.nih.gov/sos2/sra-pub-run-3/SRR3740323/SRR3740323.1,SRX1895473,a15_2A_13,WGS,RANDOM,GENOMIC,PAIRED,0,0,ILLUMINA,Illumina HiSeq 2000,SRP077768,PRJNA327615,,327615,SRS1538489,SAMN05353949,simple,1047171,Zymoseptoria tritici,a15_2A_13,,,,,,,no,,,,,ETH ZURICH,SRA437474,,public,E7542FBF65789C4D816B65FA507F9BEB,8482D3D2587554263E46E679B75F3D35
SRR4907756,2017-12-08 00:01:28,2016-11-04 19:31:56,6757637,1365042674,6757637,202,914,,https://sra-downloadb.st-va.ncbi.nlm.nih.gov/sos1/sra-pub-run-10/SRR4907756/SRR4907756.1,SRX2327128,a15_2A_14,WGS,RANDOM,GENOMIC,PAIRED,0,0,ILLUMINA,Illumina HiSeq 2000,SRP077768,PRJNA327615,,327615,SRS1782576,SAMN05981226,simple,1047171,Zymoseptoria tritici,a15_2A_14,,,,,,,no,,,,,ETH ZURICH,SRA490455,,public,27DC6A8036686E52D4F63A1352D9D022,6B79847E2C9BA4570F95F2F840147980
SRR3740314,2017-02-03 10:28:47,2016-07-02 07:16:15,5532174,1117499148,5532174,202,638,,https://sra-downloadb.st-va.ncbi.nlm.nih.gov/sos2/sra-pub-run-3/SRR3740314/SRR3740314.1,SRX1895464,a15_2A_15,WGS,RANDOM,GENOMIC,PAIRED,0,0,ILLUMINA,Illumina HiSeq 2000,SRP077768,PRJNA327615,,327615,SRS1538480,SAMN05353941,simple,1047171,Zymoseptoria tritici,a15_2A_15,,,,,,,no,,,,,ETH ZURICH,SRA437474,,public,FF5C286DEA1FDABCA07C9D0F7D3EC57F,024A60D9C88A107419A78FEABF7A7975
SRR3740332,2017-02-03 10:28:47,2016-07-02 07:16:02,7433879,1501643558,7433879,202,1019,,https://sra-downloadb.st-va.ncbi.nlm.nih.gov/sos2/sra-pub-run-3/SRR3740332/SRR3740332.1,SRX1895482,a15_2A_16,WGS,RANDOM,GENOMIC,PAIRED,0,0,ILLUMINA,Illumina HiSeq 2000,SRP077768,PRJNA327615,,327615,SRS1538496,SAMN05353957,simple,1047171,Zymoseptoria tritici,a15_2A_16,,,,,,,no,,,,,ETH ZURICH,SRA437474,,public,D134DEEC5289F7F9C15B59B7DA7E5D2B,A3D8381442C6170A4A5E1C4A1229C4C0
SRR4907744,2017-12-08 00:01:28,2016-11-04 19:31:34,7765515,1568634030,7765515,202,1067,,https://sra-downloadb.st-va.ncbi.nlm.nih.gov/sos1/sra-pub-run-10/SRR4907744/SRR4907744.1,SRX2327116,a15_2A_20,WGS,RANDOM,GENOMIC,PAIRED,0,0,ILLUMINA,Illumina HiSeq 2000,SRP077768,PRJNA327615,,327615,SRS1782564,SAMN05981227,simple,1047171,Zymoseptoria tritici,a15_2A_20,,,,,,,no,,,,,ETH ZURICH,SRA490455,,public,0EE50EA2A8266148FC1920046516DE95,B068CF95BE9ADC2E3140B953E1277D42
SRR3740312,2017-02-03 10:28:47,2016-07-02 07:14:51,5947244,1201343288,5947244,202,726,,https://sra-downloadb.st-va.ncbi.nlm.nih.gov/sos2/sra-pub-run-3/SRR3740312/SRR3740312.1,SRX1895462,a15_2A_6,WGS,RANDOM,GENOMIC,PAIRED,0,0,ILLUMINA,Illumina HiSeq 2000,SRP077768,PRJNA327615,,327615,SRS1538478,SAMN05353939,simple,1047171,Zymoseptoria tritici,a15_2A_6,,,,,,,no,,,,,ETH ZURICH,SRA437474,,public,97FA89EFF8197DCF77D9C5F10C24BD13,D9023B31B2C169CB22194FBD22980334
SRR3740333,2017-02-03 10:28:47,2016-07-02 07:15:31,6695516,1352494232,6695516,202,909,,https://sra-downloadb.st-va.ncbi.nlm.nih.gov/sos2/sra-pub-run-3/SRR3740333/SRR3740333.1,SRX1895483,a15_2A_7,WGS,RANDOM,GENOMIC,PAIRED,0,0,ILLUMINA,Illumina HiSeq 2000,SRP077768,PRJNA327615,,327615,SRS1538499,SAMN05353958,simple,1047171,Zymoseptoria tritici,a15_2A_7,,,,,,,no,,,,,ETH ZURICH,SRA437474,,public,11EF2931FACA3CD08F4053B544890E52,8215B1584C3AC27997E736423A1EAD28
SRR3740321,2017-02-03 10:28:47,2016-07-02 07:14:54,5483724,1107712248,5483724,202,652,,https://sra-downloadb.st-va.ncbi.nlm.nih.gov/sos2/sra-pub-run-3/SRR3740321/SRR3740321.1,SRX1895471,a15_3B_10,WGS,RANDOM,GENOMIC,PAIRED,0,0,ILLUMINA,Illumina HiSeq 2000,SRP077768,PRJNA327615,,327615,SRS1538487,SAMN05353947,simple,1047171,Zymoseptoria tritici,a15_3B_10,,,,,,,no,,,,,ETH ZURICH,SRA437474,,public,942E434F37AE04C0E866AC1AB221874E,3F99DA31509A02A2C0D456812F934FB5
SRR3740334,2017-02-03 10:28:47,2016-07-02 07:15:33,5821370,1175916740,5821370,202,787,,https://sra-downloadb.st-va.ncbi.nlm.nih.gov/sos2/sra-pub-run-3/SRR3740334/SRR3740334.1,SRX1895484,a15_3B_13,WGS,RANDOM,GENOMIC,PAIRED,0,0,ILLUMINA,Illumina HiSeq 2000,SRP077768,PRJNA327615,,327615,SRS1538500,SAMN05353959,simple,1047171,Zymoseptoria tritici,a15_3B_13,,,,,,,no,,,,,ETH ZURICH,SRA437474,,public,3B5487983660A8695C9265552F40FE2A,8DB8A55BD0AEB1E31547F56EC19AC26C
SRR3740313,2017-02-03 10:28:47,2016-07-02 07:13:50,4866483,983029566,4866483,202,578,,https://sra-downloadb.st-va.ncbi.nlm.nih.gov/sos2/sra-pub-run-3/SRR3740313/SRR3740313.1,SRX1895463,a15_3B_15,WGS,RANDOM,GENOMIC,PAIRED,0,0,ILLUMINA,Illumina HiSeq 2000,SRP077768,PRJNA327615,,327615,SRS1538479,SAMN05353940,simple,1047171,Zymoseptoria tritici,a15_3B_15,,,,,,,no,,,,,ETH ZURICH,SRA437474,,public,4E191A38333EA61FC3339606B1A8AFDE,636B7DB0B77C5AAD3A791DBA208FF47C
SRR3740320,2017-02-03 10:28:47,2016-07-02 07:13:31,3968160,801568320,3968160,202,469,,https://sra-downloadb.st-va.ncbi.nlm.nih.gov/sos2/sra-pub-run-3/SRR3740320/SRR3740320.1,SRX1895470,a15_3B_18,WGS,RANDOM,GENOMIC,PAIRED,0,0,ILLUMINA,Illumina HiSeq 2000,SRP077768,PRJNA327615,,327615,SRS1538486,SAMN05353946,simple,1047171,Zymoseptoria tritici,a15_3B_18,,,,,,,no,,,,,ETH ZURICH,SRA437474,,public,37E44F94BD3EB543027ED078D1C193C6,8F119DA0B99A81F4AB2350856C376CCD
SRR3740329,2017-02-03 10:28:47,2016-07-02 07:15:15,5261435,1062809870,5261435,202,709,,https://sra-downloadb.st-va.ncbi.nlm.nih.gov/sos2/sra-pub-run-3/SRR3740329/SRR3740329.1,SRX1895479,a15_3B_19,WGS,RANDOM,GENOMIC,PAIRED,0,0,ILLUMINA,Illumina HiSeq 2000,SRP077768,PRJNA327615,,327615,SRS1538495,SAMN05353955,simple,1047171,Zymoseptoria tritici,a15_3B_19,,,,,,,no,,,,,ETH ZURICH,SRA437474,,public,BC95B69638D7CED37E2058DF3DBCA488,95EA1C2AF2640401A9820834B4DE85AA
SRR4907757,2017-12-08 00:01:28,2016-11-04 19:30:44,4575076,924165352,4575076,202,596,,https://sra-downloadb.st-va.ncbi.nlm.nih.gov/sos2/sra-pub-run-3/SRR4907757/SRR4907757.1,SRX2327129,a15_3B_3,WGS,RANDOM,GENOMIC,PAIRED,0,0,ILLUMINA,Illumina HiSeq 2000,SRP077768,PRJNA327615,,327615,SRS1782577,SAMN05981228,simple,1047171,Zymoseptoria tritici,a15_3B_3,,,,,,,no,,,,,ETH ZURICH,SRA490455,,public,E2DECE437743F2D86A40620904C0E8B2,0F0E08EB8EEBD8E48576B1964B9931AB
SRR3740315,2017-02-03 10:28:47,2016-07-02 07:13:49,4577555,924666110,4577555,202,544,,https://sra-downloadb.st-va.ncbi.nlm.nih.gov/sos2/sra-pub-run-3/SRR3740315/SRR3740315.1,SRX1895465,a15_3B_4,WGS,RANDOM,GENOMIC,PAIRED,0,0,ILLUMINA,Illumina HiSeq 2000,SRP077768,PRJNA327615,,327615,SRS1538481,SAMN05353942,simple,1047171,Zymoseptoria tritici,a15_3B_4,,,,,,,no,,,,,ETH ZURICH,SRA437474,,public,78E772ABC13F46A2DA602F3CABD5CB6D,C5369CE351BEBFDEF18C646A3C9AFE9D
SRR3740316,2017-02-03 10:28:47,2016-07-02 07:14:22,5364839,1083697478,5364839,202,637,,https://sra-downloadb.st-va.ncbi.nlm.nih.gov/sos2/sra-pub-run-3/SRR3740316/SRR3740316.1,SRX1895466,a15_3B_5,WGS,RANDOM,GENOMIC,PAIRED,0,0,ILLUMINA,Illumina HiSeq 2000,SRP077768,PRJNA327615,,327615,SRS1538482,SAMN05353943,simple,1047171,Zymoseptoria tritici,a15_3B_5,,,,,,,no,,,,,ETH ZURICH,SRA437474,,public,4D43D86E601EFFC86628C9F4C1A908EB,186DB085F9F87FEABBF68E3D15B69537
SRR3740324,2017-02-03 10:28:47,2016-07-02 07:15:26,7708833,1557184266,7708833,202,890,,https://sra-downloadb.st-va.ncbi.nlm.nih.gov/sos2/sra-pub-run-3/SRR3740324/SRR3740324.1,SRX1895474,a15_3B_6,WGS,RANDOM,GENOMIC,PAIRED,0,0,ILLUMINA,Illumina HiSeq 2000,SRP077768,PRJNA327615,,327615,SRS1538490,SAMN05353950,simple,1047171,Zymoseptoria tritici,a15_3B_6,,,,,,,no,,,,,ETH ZURICH,SRA437474,,public,548DA3CE740B7E7AD0953A61BD39B0A1,37AA1163EB940512806071C680FD7177
SRR3740309,2017-02-03 10:28:47,2016-07-02 07:17:59,5634708,1138211016,5634708,202,776,,https://sra-downloadb.st-va.ncbi.nlm.nih.gov/sos2/sra-pub-run-3/SRR3740309/SRR3740309.1,SRX1895459,a15_3B_9,WGS,RANDOM,GENOMIC,PAIRED,0,0,ILLUMINA,Illumina HiSeq 2000,SRP077768,PRJNA327615,,327615,SRS1538475,SAMN05353936,simple,1047171,Zymoseptoria tritici,a15_3B_9,,,,,,,no,,,,,ETH ZURICH,SRA437474,,public,C7BF892E72302D8F7CECD92BCC489E87,373B9CA0B20859278B8471536AE628EE
SRR3740331,2017-02-03 10:28:47,2016-07-02 07:16:12,8642579,1745800958,8642579,202,1168,,https://sra-downloadb.st-va.ncbi.nlm.nih.gov/sos2/sra-pub-run-3/SRR3740331/SRR3740331.1,SRX1895481,a15_4A_10,WGS,RANDOM,GENOMIC,PAIRED,0,0,ILLUMINA,Illumina HiSeq 2000,SRP077768,PRJNA327615,,327615,SRS1538497,SAMN05353956,simple,1047171,Zymoseptoria tritici,a15_4A_10,,,,,,,no,,,,,ETH ZURICH,SRA437474,,public,1A7609B649879C5FFCAE9DC7911C1371,1436FCC7FA32021FC5612321E72EF0C4
SRR4907755,2017-12-08 00:01:28,2016-11-04 19:32:04,7728212,1561098824,7728212,202,1048,,https://sra-downloadb.st-va.ncbi.nlm.nih.gov/sos2/sra-pub-run-4/SRR4907755/SRR4907755.1,SRX2327127,a15_4A_11,WGS,RANDOM,GENOMIC,PAIRED,0,0,ILLUMINA,Illumina HiSeq 2000,SRP077768,PRJNA327615,,327615,SRS1782575,SAMN05981229,simple,1047171,Zymoseptoria tritici,a15_4A_11,,,,,,,no,,,,,ETH ZURICH,SRA490455,,public,5770ABAD103EE7BD3F362479A08EB61A,BBA7800530ABF2274B8663D62A884C67
SRR3740311,2017-02-03 10:28:47,2016-07-02 07:14:38,3954494,798807788,3954494,202,508,,https://sra-downloadb.st-va.ncbi.nlm.nih.gov/sos2/sra-pub-run-3/SRR3740311/SRR3740311.1,SRX1895461,a15_4A_13,WGS,RANDOM,GENOMIC,PAIRED,0,0,ILLUMINA,Illumina HiSeq 2000,SRP077768,PRJNA327615,,327615,SRS1538477,SAMN05353938,simple,1047171,Zymoseptoria tritici,a15_4A_13,,,,,,,no,,,,,ETH ZURICH,SRA437474,,public,A8A179D1FA65C7DD4BC0E12574D2DED2,9BA953B546683D7655A30A6839A03427
SRR3740322,2017-02-03 10:28:47,2016-07-02 07:14:20,4745599,958610998,4745599,202,562,,https://sra-downloadb.st-va.ncbi.nlm.nih.gov/sos2/sra-pub-run-3/SRR3740322/SRR3740322.1,SRX1895472,a15_4A_15,WGS,RANDOM,GENOMIC,PAIRED,0,0,ILLUMINA,Illumina HiSeq 2000,SRP077768,PRJNA327615,,327615,SRS1538488,SAMN05353948,simple,1047171,Zymoseptoria tritici,a15_4A_15,,,,,,,no,,,,,ETH ZURICH,SRA437474,,public,8C4221CE78AA7AC2480F414890C4454D,13C1A82885DBB0BA7C4D758B97F5839D
SRR3740318,2017-02-03 10:28:47,2016-07-02 07:14:19,4854077,980523554,4854077,202,580,,https://sra-downloadb.st-va.ncbi.nlm.nih.gov/sos2/sra-pub-run-3/SRR3740318/SRR3740318.1,SRX1895468,a15_4A_17,WGS,RANDOM,GENOMIC,PAIRED,0,0,ILLUMINA,Illumina HiSeq 2000,SRP077768,PRJNA327615,,327615,SRS1538484,SAMN05353945,simple,1047171,Zymoseptoria tritici,a15_4A_17,,,,,,,no,,,,,ETH ZURICH,SRA437474,,public,0ACB1302EC549310FB87C3A6643FA7F6,4B4E155F8956CB1C54B6DA1354BD82E8
SRR3740317,2017-02-03 10:28:47,2016-07-02 07:14:10,4712920,952009840,4712920,202,563,,https://sra-downloadb.st-va.ncbi.nlm.nih.gov/sos2/sra-pub-run-3/SRR3740317/SRR3740317.1,SRX1895467,a15_4A_19,WGS,RANDOM,GENOMIC,PAIRED,0,0,ILLUMINA,Illumina HiSeq 2000,SRP077768,PRJNA327615,,327615,SRS1538483,SAMN05353944,simple,1047171,Zymoseptoria tritici,a15_4A_19,,,,,,,no,,,,,ETH ZURICH,SRA437474,,public,DDBEFF04038A9CDF0272671642309534,6F3E382A1A6E7873F37FC00EA48E608B
SRR3740325,2017-02-03 10:28:47,2016-07-02 07:15:29,6708037,1355023474,6708037,202,798,,https://sra-downloadb.st-va.ncbi.nlm.nih.gov/sos2/sra-pub-run-3/SRR3740325/SRR3740325.1,SRX1895475,a15_4A_2,WGS,RANDOM,GENOMIC,PAIRED,0,0,ILLUMINA,Illumina HiSeq 2000,SRP077768,PRJNA327615,,327615,SRS1538491,SAMN05353951,simple,1047171,Zymoseptoria tritici,a15_4A_2,,,,,,,no,,,,,ETH ZURICH,SRA437474,,public,43D9E9D689B0D71E9230258E5E5A366C,B40D39F80FA3BFBE4184D03C94D759CF
SRR3740328,2017-02-03 10:28:47,2016-07-02 07:15:20,5294243,1069437086,5294243,202,725,,https://sra-downloadb.st-va.ncbi.nlm.nih.gov/sos2/sra-pub-run-3/SRR3740328/SRR3740328.1,SRX1895478,a15_4A_3,WGS,RANDOM,GENOMIC,PAIRED,0,0,ILLUMINA,Illumina HiSeq 2000,SRP077768,PRJNA327615,,327615,SRS1538494,SAMN05353954,simple,1047171,Zymoseptoria tritici,a15_4A_3,,,,,,,no,,,,,ETH ZURICH,SRA437474,,public,25CD1DEA88FEDF193710A098428B4E56,7EB942CD99FB76A996870382C2E4A78D
SRR3740327,2017-02-03 10:28:47,2016-07-02 07:16:56,9927994,2005454788,9927994,202,1272,,https://sra-downloadb.st-va.ncbi.nlm.nih.gov/sos2/sra-pub-run-3/SRR3740327/SRR3740327.1,SRX1895477,a15_4A_4,WGS,RANDOM,GENOMIC,PAIRED,0,0,ILLUMINA,Illumina HiSeq 2000,SRP077768,PRJNA327615,,327615,SRS1538493,SAMN05353953,simple,1047171,Zymoseptoria tritici,a15_4A_4,,,,,,,no,,,,,ETH ZURICH,SRA437474,,public,0C6B944EC6CF7E661D636C2ED4680770,CC7DFC601E742E026390305A79B90DB7
SRR3740310,2017-02-03 10:28:47,2016-07-02 07:13:45,4279654,864490108,4279654,202,547,,https://sra-downloadb.st-va.ncbi.nlm.nih.gov/sos2/sra-pub-run-3/SRR3740310/SRR3740310.1,SRX1895460,a15_4A_7,WGS,RANDOM,GENOMIC,PAIRED,0,0,ILLUMINA,Illumina HiSeq 2000,SRP077768,PRJNA327615,,327615,SRS1538476,SAMN05353937,simple,1047171,Zymoseptoria tritici,a15_4A_7,,,,,,,no,,,,,ETH ZURICH,SRA437474,,public,1C34D70DA21696583370D0291EBCA562,3E59182B4DE5255010B0F85E3D92CDC2
SRR3740269,2017-02-03 10:28:47,2016-07-02 07:11:55,3667291,740792782,3667291,202,433,,https://sra-downloadb.st-va.ncbi.nlm.nih.gov/sos2/sra-pub-run-3/SRR3740269/SRR3740269.1,SRX1895419,ISY_Ar_11i,WGS,RANDOM,GENOMIC,PAIRED,0,0,ILLUMINA,Illumina HiSeq 2000,SRP077768,PRJNA327615,,327615,SRS1538422,SAMN05353902,simple,1047171,Zymoseptoria tritici,ISY_Ar_11i,,,,,,,no,,,,,ETH ZURICH,SRA437474,,public,8B4CCF74185AB586261FF1A72580B3C8,516E0C39D28C08672A6A4CE964323E95
SRR3740270,2017-02-03 10:28:47,2016-07-02 07:12:11,4649264,939151328,4649264,202,541,,https://sra-downloadb.st-va.ncbi.nlm.nih.gov/sos2/sra-pub-run-3/SRR3740270/SRR3740270.1,SRX1895420,ISY_Ar_12e,WGS,RANDOM,GENOMIC,PAIRED,0,0,ILLUMINA,Illumina HiSeq 2000,SRP077768,PRJNA327615,,327615,SRS1538423,SAMN05353903,simple,1047171,Zymoseptoria tritici,ISY_Ar_12e,,,,,,,no,,,,,ETH ZURICH,SRA437474,,public,1FC7CB6686D82DE50237C891EA18BE1A,B365ABC593DF3C97B652EB0F16D09808
SRR3740267,2017-02-03 10:28:47,2016-07-02 07:12:36,4322531,873151262,4322531,202,503,,https://sra-downloadb.st-va.ncbi.nlm.nih.gov/sos2/sra-pub-run-3/SRR3740267/SRR3740267.1,SRX1895417,ISY_Ar_16a,WGS,RANDOM,GENOMIC,PAIRED,0,0,ILLUMINA,Illumina HiSeq 2000,SRP077768,PRJNA327615,,327615,SRS1538419,SAMN05353900,simple,1047171,Zymoseptoria tritici,ISY_Ar_16a,,,,,,,no,,,,,ETH ZURICH,SRA437474,,public,8D1FDFBDDC85B19B1C41C1C13C6046CA,C651433F262DA8468D5DFCA610C3680A
SRR3740271,2017-02-03 10:28:47,2016-07-02 07:20:14,11814852,2386600104,11814852,202,1522,,https://sra-downloadb.st-va.ncbi.nlm.nih.gov/sos2/sra-pub-run-3/SRR3740271/SRR3740271.1,SRX1895421,ISY_Ar_16h,WGS,RANDOM,GENOMIC,PAIRED,0,0,ILLUMINA,Illumina HiSeq 2000,SRP077768,PRJNA327615,,327615,SRS1538424,SAMN05353904,simple,1047171,Zymoseptoria tritici,ISY_Ar_16h,,,,,,,no,,,,,ETH ZURICH,SRA437474,,public,BCB93154A77AB6D67D3D822E395E9950,E040EC703281FCEE204552617A13851C
SRR3740275,2017-02-03 10:28:47,2016-07-02 07:13:35,12375961,2499944122,12375961,202,1593,,https://sra-downloadb.st-va.ncbi.nlm.nih.gov/sos2/sra-pub-run-3/SRR3740275/SRR3740275.1,SRX1895427,ISY_Ar_17b,WGS,RANDOM,GENOMIC,PAIRED,0,0,ILLUMINA,Illumina HiSeq 2000,SRP077768,PRJNA327615,,327615,SRS1538429,SAMN05353907,simple,1047171,Zymoseptoria tritici,ISY_Ar_17b,,,,,,,no,,,,,ETH ZURICH,SRA437474,,public,1832D1A9688263BA2DE93D07CDAE8A32,2EA0DF3A1E8180808C839D8B371840B7
SRR3740264,2017-02-03 10:28:47,2017-02-03 14:30:42,5600231,1131246662,5600231,202,718,,https://sra-downloadb.st-va.ncbi.nlm.nih.gov/sos1/sra-pub-run-10/SRR3740264/SRR3740264.1,SRX1895414,ISY_Ar_17e,WGS,RANDOM,GENOMIC,PAIRED,0,0,ILLUMINA,Illumina HiSeq 2000,SRP077768,PRJNA327615,,327615,SRS1538402,SAMN05353897,simple,1047171,Zymoseptoria tritici,ISY_Ar_17e,,,,,,,no,,,,,ETH ZURICH,SRA437474,,public,99F3BB2F49D8F5161B8967DF1B97339F,26BBEC6085F688E52E8CFF58A339A028
SRR3740272,2017-02-03 10:28:47,2016-07-02 07:11:35,8762848,1770095296,8762848,202,1132,,https://sra-downloadb.st-va.ncbi.nlm.nih.gov/sos2/sra-pub-run-3/SRR3740272/SRR3740272.1,SRX1895424,ISY_Ar_17r,WGS,RANDOM,GENOMIC,PAIRED,0,0,ILLUMINA,Illumina HiSeq 2000,SRP077768,PRJNA327615,,327615,SRS1538426,SAMN05353905,simple,1047171,Zymoseptoria tritici,ISY_Ar_17r,,,,,,,no,,,,,ETH ZURICH,SRA437474,,public,6EA8A643E8BA8B00ED542E9DFE93FB64,552639B9AF65B1882426876105E65DAB
SRR3740274,2017-02-03 10:28:47,2016-07-02 07:14:35,11252006,2272905212,11252006,202,1452,,https://sra-downloadb.st-va.ncbi.nlm.nih.gov/sos2/sra-pub-run-3/SRR3740274/SRR3740274.1,SRX1895426,ISY_Ar_18b,WGS,RANDOM,GENOMIC,PAIRED,0,0,ILLUMINA,Illumina HiSeq 2000,SRP077768,PRJNA327615,,327615,SRS1538427,SAMN05353906,simple,1047171,Zymoseptoria tritici,ISY_Ar_18b,,,,,,,no,,,,,ETH ZURICH,SRA437474,,public,880570E860B32C074F9C142B302CE7CA,C425519C4DAA19A181B9C89504066742
SRR3740268,2017-02-03 10:28:47,2016-07-02 07:12:10,4558528,920822656,4558528,202,539,,https://sra-downloadb.st-va.ncbi.nlm.nih.gov/sos2/sra-pub-run-3/SRR3740268/SRR3740268.1,SRX1895418,ISY_Ar_1b,WGS,RANDOM,GENOMIC,PAIRED,0,0,ILLUMINA,Illumina HiSeq 2000,SRP077768,PRJNA327615,,327615,SRS1538421,SAMN05353901,simple,1047171,Zymoseptoria tritici,ISY_Ar_1b,,,,,,,no,,,,,ETH ZURICH,SRA437474,,public,87FB5872FFDB0B74A7CB902D622C135F,4C47BB0D496A652CB7DE16AD591F88AB
SRR3740265,2017-02-03 10:28:47,2016-07-02 07:11:41,5755999,1162711798,5755999,202,762,,https://sra-downloadb.st-va.ncbi.nlm.nih.gov/sos2/sra-pub-run-3/SRR3740265/SRR3740265.1,SRX1895415,ISY_Ar_22f,WGS,RANDOM,GENOMIC,PAIRED,0,0,ILLUMINA,Illumina HiSeq 2000,SRP077768,PRJNA327615,,327615,SRS1538418,SAMN05353898,simple,1047171,Zymoseptoria tritici,ISY_Ar_22f,,,,,,,no,,,,,ETH ZURICH,SRA437474,,public,EF72031C2872F8F8DC1583F1A7BE1B15,F33BB764D0F155D36B18A247BB93BEDE
SRR3740266,2017-02-03 10:28:47,2016-07-02 07:12:21,4980758,1006113116,4980758,202,605,,https://sra-downloadb.st-va.ncbi.nlm.nih.gov/sos2/sra-pub-run-3/SRR3740266/SRR3740266.1,SRX1895416,ISY_Ar_5a,WGS,RANDOM,GENOMIC,PAIRED,0,0,ILLUMINA,Illumina HiSeq 2000,SRP077768,PRJNA327615,,327615,SRS1538420,SAMN05353899,simple,1047171,Zymoseptoria tritici,ISY_Ar_5a,,,,,,,no,,,,,ETH ZURICH,SRA437474,,public,3BE2C23F3F50614769EFBF5782E8EB5D,49193A61C363333D3916DB135C6D641C
SRR3740252,2017-02-03 10:28:47,2016-07-02 07:11:42,8147150,1645724300,8147150,202,1093,,https://sra-downloadb.st-va.ncbi.nlm.nih.gov/sos2/sra-pub-run-3/SRR3740252/SRR3740252.1,SRX1895402,ST99CH_3H3,WGS,RANDOM,GENOMIC,PAIRED,0,0,ILLUMINA,Illumina HiSeq 2000,SRP077768,PRJNA327615,,327615,SRS1538390,SAMN05353976,simple,1047171,Zymoseptoria tritici,ST99CH_3H3,,,,,,,no,,,,,ETH ZURICH,SRA437474,,public,D7B428EE1CAABCE1CBA8AE338E71A5EC,99953823D28CF9DB0D895C94574BCE97
SRR3740262,2017-02-03 10:28:47,2016-07-02 07:12:21,4561764,921476328,4561764,202,588,,https://sra-downloadb.st-va.ncbi.nlm.nih.gov/sos2/sra-pub-run-3/SRR3740262/SRR3740262.1,SRX1895412,STAus01_1A5,WGS,RANDOM,GENOMIC,PAIRED,0,0,ILLUMINA,Illumina HiSeq 2000,SRP077768,PRJNA327615,,327615,SRS1538400,SAMN05353878,simple,1047171,Zymoseptoria tritici,STAus01_1A5,,,,,,,no,,,,,ETH ZURICH,SRA437474,,public,F1DDFE0348D69354FEF0991A5EAD757D,1B868CCB80674F0091BC6FB7775828D3
SRR3740263,2017-02-03 10:28:47,2016-07-02 07:12:32,5782084,1167980968,5782084,202,775,,https://sra-downloadb.st-va.ncbi.nlm.nih.gov/sos2/sra-pub-run-3/SRR3740263/SRR3740263.1,SRX1895413,STAus01_1A6,WGS,RANDOM,GENOMIC,PAIRED,0,0,ILLUMINA,Illumina HiSeq 2000,SRP077768,PRJNA327615,,327615,SRS1538401,SAMN05353896,simple,1047171,Zymoseptoria tritici,STAus01_1A6,,,,,,,no,,,,,ETH ZURICH,SRA437474,,public,7D5688F0EE80AA3F705D9E826C30FCC4,A52F9F315F575180BDE3381D661745BD
SRR3740256,2017-02-03 10:28:47,2016-07-02 07:13:25,3974218,802792036,3974218,202,472,,https://sra-downloadb.st-va.ncbi.nlm.nih.gov/sos2/sra-pub-run-3/SRR3740256/SRR3740256.1,SRX1895406,STAus01_1A9,WGS,RANDOM,GENOMIC,PAIRED,0,0,ILLUMINA,Illumina HiSeq 2000,SRP077768,PRJNA327615,,327615,SRS1538393,SAMN05353890,simple,1047171,Zymoseptoria tritici,STAus01_1A9,,,,,,,no,,,,,ETH ZURICH,SRA437474,,public,894209DF01A016D5DED0132DF7C182E2,C199675CD576D7286E6E139BF8BEE71F
SRR3740250,2017-02-03 10:28:47,2016-07-02 07:11:00,7694410,1554270820,7694410,202,989,,https://sra-downloadb.st-va.ncbi.nlm.nih.gov/sos2/sra-pub-run-3/SRR3740250/SRR3740250.1,SRX1895400,STAus01_1B7,WGS,RANDOM,GENOMIC,PAIRED,0,0,ILLUMINA,Illumina HiSeq 2000,SRP077768,PRJNA327615,,327615,SRS1538387,SAMN05353877,simple,1047171,Zymoseptoria tritici,STAus01_1B7,,,,,,,no,,,,,ETH ZURICH,SRA437474,,public,5DDC10EDFA83EF46B6FCE34A45C6F245,8DEC05DE8E20F50E186F63F19F30EEA9
SRR3740253,2017-02-03 10:28:47,2016-07-02 07:10:53,7206703,1455754006,7206703,202,858,,https://sra-downloadb.st-va.ncbi.nlm.nih.gov/sos2/sra-pub-run-3/SRR3740253/SRR3740253.1,SRX1895403,STAus01_1B8,WGS,RANDOM,GENOMIC,PAIRED,0,0,ILLUMINA,Illumina HiSeq 2000,SRP077768,PRJNA327615,,327615,SRS1538391,SAMN05353887,simple,1047171,Zymoseptoria tritici,STAus01_1B8,,,,,,,no,,,,,ETH ZURICH,SRA437474,,public,9419BE3880805E2951F2253FBD02609F,E2B7340F5D2F218950C3A99415D1F4EB
SRR3740255,2017-02-03 10:28:47,2016-07-02 07:13:22,3792673,766119946,3792673,202,454,,https://sra-downloadb.st-va.ncbi.nlm.nih.gov/sos2/sra-pub-run-3/SRR3740255/SRR3740255.1,SRX1895405,STAus01_1D4,WGS,RANDOM,GENOMIC,PAIRED,0,0,ILLUMINA,Illumina HiSeq 2000,SRP077768,PRJNA327615,,327615,SRS1538394,SAMN05353889,simple,1047171,Zymoseptoria tritici,STAus01_1D4,,,,,,,no,,,,,ETH ZURICH,SRA437474,,public,FFEB29E24B38B1AA468513539E482FC4,5E7CF3305E53C486FB90E908F9B74AE7
SRR3740259,2017-02-03 10:28:47,2016-07-02 07:11:20,4814022,972432444,4814022,202,647,,https://sra-downloadb.st-va.ncbi.nlm.nih.gov/sos2/sra-pub-run-3/SRR3740259/SRR3740259.1,SRX1895409,STAus01_1D5,WGS,RANDOM,GENOMIC,PAIRED,0,0,ILLUMINA,Illumina HiSeq 2000,SRP077768,PRJNA327615,,327615,SRS1538397,SAMN05353893,simple,1047171,Zymoseptoria tritici,STAus01_1D5,,,,,,,no,,,,,ETH ZURICH,SRA437474,,public,1B63A8686DF299BCD975BE004679E9F5,D2C358756356D03A51EEC21973883002
SRR3740260,2017-02-03 10:28:47,2016-07-02 07:13:00,6814298,1376488196,6814298,202,929,,https://sra-downloadb.st-va.ncbi.nlm.nih.gov/sos2/sra-pub-run-3/SRR3740260/SRR3740260.1,SRX1895410,STAus01_1D8,WGS,RANDOM,GENOMIC,PAIRED,0,0,ILLUMINA,Illumina HiSeq 2000,SRP077768,PRJNA327615,,327615,SRS1538398,SAMN05353894,simple,1047171,Zymoseptoria tritici,STAus01_1D8,,,,,,,no,,,,,ETH ZURICH,SRA437474,,public,29D6442CB677DC92E3C456C018286BD9,BB352C9592A850FE2C378A27CEE4D3FD
SRR3740258,2017-02-03 10:28:47,2016-07-02 07:13:25,5301786,1070960772,5301786,202,711,,https://sra-downloadb.st-va.ncbi.nlm.nih.gov/sos2/sra-pub-run-3/SRR3740258/SRR3740258.1,SRX1895408,STAus01_1E1,WGS,RANDOM,GENOMIC,PAIRED,0,0,ILLUMINA,Illumina HiSeq 2000,SRP077768,PRJNA327615,,327615,SRS1538396,SAMN05353892,simple,1047171,Zymoseptoria tritici,STAus01_1E1,,,,,,,no,,,,,ETH ZURICH,SRA437474,,public,77E68A2C256AA19DB2F264189FDB7233,2449535D674912B4B93BB7F06FBF3DCE
SRR3740249,2017-02-03 10:28:47,2016-07-02 07:09:22,3720337,751508074,3720337,202,481,,https://sra-downloadb.st-va.ncbi.nlm.nih.gov/sos2/sra-pub-run-3/SRR3740249/SRR3740249.1,SRX1895399,STAus01_1E4,WGS,RANDOM,GENOMIC,PAIRED,0,0,ILLUMINA,Illumina HiSeq 2000,SRP077768,PRJNA327615,,327615,SRS1538388,SAMN05353876,simple,1047171,Zymoseptoria tritici,STAus01_1E4,,,,,,,no,,,,,ETH ZURICH,SRA437474,,public,92621534E56206B9D6C806F97AF6B3AF,8B51FDD91B4371EC7770270A773E5C5E
SRR3740273,2017-02-03 10:28:47,2016-07-02 07:12:03,3867397,781214194,3867397,202,509,,https://sra-downloadb.st-va.ncbi.nlm.nih.gov/sos2/sra-pub-run-3/SRR3740273/SRR3740273.1,SRX1895425,STAus01_1E5,WGS,RANDOM,GENOMIC,PAIRED,0,0,ILLUMINA,Illumina HiSeq 2000,SRP077768,PRJNA327615,,327615,SRS1538428,SAMN05353879,simple,1047171,Zymoseptoria tritici,STAus01_1E5,,,,,,,no,,,,,ETH ZURICH,SRA437474,,public,2EED24856D8E32184C765183CB84DCEE,5C0093500CB2DB945469586665C0840A
SRR3740261,2017-02-03 10:28:47,2016-07-02 07:15:45,6675065,1348363130,6675065,202,900,,https://sra-downloadb.st-va.ncbi.nlm.nih.gov/sos2/sra-pub-run-3/SRR3740261/SRR3740261.1,SRX1895411,STAus01_1F8,WGS,RANDOM,GENOMIC,PAIRED,0,0,ILLUMINA,Illumina HiSeq 2000,SRP077768,PRJNA327615,,327615,SRS1538399,SAMN05353895,simple,1047171,Zymoseptoria tritici,STAus01_1F8,,,,,,,no,,,,,ETH ZURICH,SRA437474,,public,6415A5BFA2DB8DB34EE743E06C0FA2B5,3E7FD045163F6711B3BF0D0923ABD628
SRR3740251,2017-02-03 10:28:47,2016-07-02 07:11:54,5379815,1086722630,5379815,202,645,,https://sra-downloadb.st-va.ncbi.nlm.nih.gov/sos2/sra-pub-run-3/SRR3740251/SRR3740251.1,SRX1895401,STAus01_1G5,WGS,RANDOM,GENOMIC,PAIRED,0,0,ILLUMINA,Illumina HiSeq 2000,SRP077768,PRJNA327615,,327615,SRS1538389,SAMN05353886,simple,1047171,Zymoseptoria tritici,STAus01_1G5,,,,,,,no,,,,,ETH ZURICH,SRA437474,,public,B918FD101674EA6DF3A6692769F3D55A,5AA20ABD27D53F86D17C6A3CF0B7BE14
SRR3740254,2017-02-03 10:28:47,2016-07-02 07:09:55,4457718,900459036,4457718,202,523,,https://sra-downloadb.st-va.ncbi.nlm.nih.gov/sos2/sra-pub-run-3/SRR3740254/SRR3740254.1,SRX1895404,STAus01_1H6,WGS,RANDOM,GENOMIC,PAIRED,0,0,ILLUMINA,Illumina HiSeq 2000,SRP077768,PRJNA327615,,327615,SRS1538392,SAMN05353888,simple,1047171,Zymoseptoria tritici,STAus01_1H6,,,,,,,no,,,,,ETH ZURICH,SRA437474,,public,4B96D51D3EE7E5CC8558137D4247A112,2AB9E2C33A56278579B5E2A8F4725514
SRR3740257,2017-02-03 10:28:47,2016-07-02 07:10:29,5757688,1163052976,5757688,202,776,,https://sra-downloadb.st-va.ncbi.nlm.nih.gov/sos2/sra-pub-run-3/SRR3740257/SRR3740257.1,SRX1895407,STAus01_1H8,WGS,RANDOM,GENOMIC,PAIRED,0,0,ILLUMINA,Illumina HiSeq 2000,SRP077768,PRJNA327615,,327615,SRS1538395,SAMN05353891,simple,1047171,Zymoseptoria tritici,STAus01_1H8,,,,,,,no,,,,,ETH ZURICH,SRA437474,,public,7808A6D37CF99CF2CC248E09B6BAF8FB,586D6A11A9F3A484C9C1E575646E530B

